{"cameraMode":{"drawMode":0,"name":"Shaded","section":"Shading Mode"},"sceneLighting":true,"audioPlay":false,"sceneViewState":{"showFog":true,"showMaterialUpdate":false,"showSkybox":true,"showFlares":false,"showImageEffects":false,"showParticleSystems":false},"in2DMode":false,"pivot":{"x":-4.599999904632568,"y":1.659999966621399,"z":6.71999979019165},"rotation":{"x":0.09710980206727982,"y":-0.7170770764350891,"z":0.10200855135917664,"w":0.682627260684967},"size":42.57622146606445,"orthographic":false}