{"cameraMode":{"drawMode":0,"name":"Shaded","section":"Shading Mode"},"sceneLighting":false,"audioPlay":false,"sceneViewState":{"showFog":true,"showMaterialUpdate":false,"showSkybox":true,"showFlares":false,"showImageEffects":false,"showParticleSystems":false},"in2DMode":false,"pivot":{"x":1.533058762550354,"y":10.283982276916504,"z":14.049969673156739},"rotation":{"x":-0.007927718572318554,"y":-0.7646573781967163,"z":0.009416397660970688,"w":-0.6443356275558472},"size":28.109405517578126,"orthographic":false}