{"cameraMode":{"drawMode":0,"name":"Shaded","section":"Shading Mode"},"sceneLighting":true,"audioPlay":false,"sceneViewState":{"showFog":true,"showMaterialUpdate":false,"showSkybox":true,"showFlares":false,"showImageEffects":false,"showParticleSystems":false},"in2DMode":false,"pivot":{"x":-0.14856381714344026,"y":6.839566707611084,"z":3.7354531288146974},"rotation":{"x":-0.07239612191915512,"y":-0.8678719997406006,"z":0.13277344405651093,"w":-0.473230242729187},"size":33.38536834716797,"orthographic":false}