{"cameraMode":{"drawMode":0,"name":"Shaded","section":"Shading Mode"},"sceneLighting":true,"audioPlay":false,"sceneViewState":{"showFog":true,"showMaterialUpdate":false,"showSkybox":true,"showFlares":false,"showImageEffects":false,"showParticleSystems":false},"in2DMode":false,"pivot":{"x":-32.84701919555664,"y":13.155060768127442,"z":27.75598907470703},"rotation":{"x":0.08805380016565323,"y":-0.4817955791950226,"z":0.04873278737068176,"w":0.8704979419708252},"size":22.584415435791017,"orthographic":false}