{"cameraMode":{"drawMode":0,"name":"Shaded","section":"Shading Mode"},"sceneLighting":false,"audioPlay":false,"sceneViewState":{"showFog":true,"showMaterialUpdate":false,"showSkybox":false,"showFlares":false,"showImageEffects":false,"showParticleSystems":false},"in2DMode":false,"pivot":{"x":-3.511439800262451,"y":1.6613521575927735,"z":1.6506338119506837},"rotation":{"x":0.0551767535507679,"y":-0.9405109286308289,"z":0.1860625147819519,"w":0.2789112329483032},"size":348.04656982421877,"orthographic":false}