{"cameraMode":{"drawMode":0,"name":"Shaded","section":"Shading Mode"},"sceneLighting":true,"audioPlay":false,"sceneViewState":{"showFog":true,"showMaterialUpdate":false,"showSkybox":true,"showFlares":false,"showImageEffects":false,"showParticleSystems":false},"in2DMode":false,"pivot":{"x":-2.024852991104126,"y":2.6789002418518068,"z":10.870712280273438},"rotation":{"x":0.09710980206727982,"y":-0.7170770764350891,"z":0.10200855135917664,"w":0.682627260684967},"size":20.68122673034668,"orthographic":false}