{"cameraMode":{"drawMode":0,"name":"Shaded","section":"Shading Mode"},"sceneLighting":false,"audioPlay":false,"sceneViewState":{"showFog":true,"showMaterialUpdate":false,"showSkybox":true,"showFlares":true,"showImageEffects":true,"showParticleSystems":true},"in2DMode":false,"pivot":{"x":5.564838409423828,"y":2.1442079544067385,"z":9.454824447631836},"rotation":{"x":-0.026871703565120698,"y":-0.9653892517089844,"z":0.2347126454114914,"w":-0.11052273213863373},"size":25.74107551574707,"orthographic":false}