{"cameraMode":{"drawMode":0,"name":"Shaded","section":"Shading Mode"},"sceneLighting":false,"audioPlay":false,"sceneViewState":{"showFog":true,"showMaterialUpdate":false,"showSkybox":false,"showFlares":true,"showImageEffects":true,"showParticleSystems":true},"in2DMode":false,"pivot":{"x":-26.186504364013673,"y":15.657649993896485,"z":26.094547271728517},"rotation":{"x":-0.04608119651675224,"y":0.17352141439914704,"z":-0.008128293789923191,"w":-0.9837186336517334},"size":21.532724380493165,"orthographic":false}