{"cameraMode":{"drawMode":0,"name":"Shaded","section":"Shading Mode"},"sceneLighting":false,"audioPlay":false,"sceneViewState":{"showFog":true,"showMaterialUpdate":false,"showSkybox":true,"showFlares":true,"showImageEffects":true,"showParticleSystems":true},"in2DMode":false,"pivot":{"x":4.253182888031006,"y":1.6406456232070923,"z":28.193920135498048},"rotation":{"x":0.13617470860481263,"y":0.8136444687843323,"z":-0.21099723875522614,"w":0.5245553851127625},"size":46.68586730957031,"orthographic":false}