{"cameraMode":{"drawMode":0,"name":"Shaded","section":"Shading Mode"},"sceneLighting":false,"audioPlay":false,"sceneViewState":{"showFog":true,"showMaterialUpdate":false,"showSkybox":false,"showFlares":true,"showImageEffects":true,"showParticleSystems":true},"in2DMode":false,"pivot":{"x":-9.219034194946289,"y":4.587125778198242,"z":-32.74085998535156},"rotation":{"x":-0.07336347550153732,"y":0.04366417974233627,"z":-0.0032149956095963718,"w":-0.9963443875312805},"size":23.90234375,"orthographic":false}