{"cameraMode":{"drawMode":0,"name":"Shaded","section":"Shading Mode"},"sceneLighting":false,"audioPlay":false,"sceneViewState":{"showFog":true,"showMaterialUpdate":false,"showSkybox":false,"showFlares":true,"showImageEffects":true,"showParticleSystems":true},"in2DMode":false,"pivot":{"x":2.2944939136505129,"y":0.8678719401359558,"z":2.8176817893981935},"rotation":{"x":0.05400586500763893,"y":-0.8984995484352112,"z":0.11546093970537186,"w":0.4201614260673523},"size":2.590542793273926,"orthographic":false}