{"cameraMode":{"drawMode":0,"name":"Shaded","section":"Shading Mode"},"sceneLighting":false,"audioPlay":false,"sceneViewState":{"showFog":true,"showMaterialUpdate":false,"showSkybox":true,"showFlares":true,"showImageEffects":true,"showParticleSystems":true},"in2DMode":false,"pivot":{"x":273.9656982421875,"y":-1.1889904737472535,"z":241.9117889404297},"rotation":{"x":-0.19670461118221284,"y":0.006172813940793276,"z":-0.0012388352770358325,"w":-0.9804428815841675},"size":5.876119613647461,"orthographic":false}