{"cameraMode":{"drawMode":0,"name":"Shaded","section":"Shading Mode"},"sceneLighting":false,"audioPlay":false,"sceneViewState":{"showFog":true,"showMaterialUpdate":false,"showSkybox":false,"showFlares":true,"showImageEffects":true,"showParticleSystems":true},"in2DMode":false,"pivot":{"x":-10.047369003295899,"y":-2.9015581607818605,"z":-2.5739049911499025},"rotation":{"x":0.06473379582166672,"y":-0.8275148868560791,"z":0.09751484543085098,"w":0.5491837859153748},"size":16.020803451538087,"orthographic":false}