{"cameraMode":{"drawMode":0,"name":"Shaded","section":"Shading Mode"},"sceneLighting":false,"audioPlay":false,"sceneViewState":{"showFog":true,"showMaterialUpdate":false,"showSkybox":false,"showFlares":true,"showImageEffects":true,"showParticleSystems":true},"in2DMode":false,"pivot":{"x":48.641048431396487,"y":4.667225360870361,"z":-25.399335861206056},"rotation":{"x":-0.08909725397825241,"y":-0.8647223711013794,"z":0.16540691256523133,"w":-0.46578842401504519},"size":2.636288642883301,"orthographic":false}