{"cameraMode":{"drawMode":0,"name":"Shaded","section":"Shading Mode"},"sceneLighting":false,"audioPlay":false,"sceneViewState":{"showFog":true,"showMaterialUpdate":false,"showSkybox":false,"showFlares":true,"showImageEffects":true,"showParticleSystems":true},"in2DMode":false,"pivot":{"x":0.675303041934967,"y":0.43657195568084719,"z":0.12418937683105469},"rotation":{"x":-0.07336347550153732,"y":0.04366417974233627,"z":-0.0032149956095963718,"w":-0.9963443875312805},"size":5.037466526031494,"orthographic":false}