{"cameraMode":{"drawMode":0,"name":"Shaded","section":"Shading Mode"},"sceneLighting":false,"audioPlay":false,"sceneViewState":{"showFog":true,"showMaterialUpdate":false,"showSkybox":true,"showFlares":true,"showImageEffects":true,"showParticleSystems":true},"in2DMode":false,"pivot":{"x":14.804289817810059,"y":27.787715911865236,"z":23.101003646850587},"rotation":{"x":-0.02625577710568905,"y":-0.36277568340301516,"z":-0.01025718729943037,"w":0.9315008521080017},"size":21.532724380493165,"orthographic":false}