{"cameraMode":{"drawMode":0,"name":"Shaded","section":"Shading Mode"},"sceneLighting":false,"audioPlay":false,"sceneViewState":{"showFog":true,"showMaterialUpdate":false,"showSkybox":false,"showFlares":true,"showImageEffects":true,"showParticleSystems":true},"in2DMode":false,"pivot":{"x":0.55361407995224,"y":2.781191825866699,"z":0.4620070457458496},"rotation":{"x":-0.07336347550153732,"y":0.04366417974233627,"z":-0.0032149956095963718,"w":-0.9963443875312805},"size":6.188303470611572,"orthographic":false}