{"cameraMode":{"drawMode":0,"name":"Shaded","section":"Shading Mode"},"sceneLighting":false,"audioPlay":false,"sceneViewState":{"showFog":true,"showMaterialUpdate":false,"showSkybox":true,"showFlares":true,"showImageEffects":true,"showParticleSystems":true},"in2DMode":false,"pivot":{"x":-21.687713623046876,"y":16.43075942993164,"z":25.14950180053711},"rotation":{"x":0.024029258638620378,"y":-0.1517537534236908,"z":0.0036707811523228885,"w":0.9881626963615418},"size":22.0,"orthographic":false}