{"cameraMode":{"drawMode":0,"name":"Shaded","section":"Shading Mode"},"sceneLighting":false,"audioPlay":false,"sceneViewState":{"showFog":true,"showMaterialUpdate":false,"showSkybox":false,"showFlares":true,"showImageEffects":true,"showParticleSystems":true},"in2DMode":false,"pivot":{"x":-10.805803298950196,"y":-2.1752102375030519,"z":-2.7120728492736818},"rotation":{"x":0.06673510372638703,"y":-0.7531850337982178,"z":0.0773177295923233,"w":0.649895191192627},"size":14.70175838470459,"orthographic":false}