{"cameraMode":{"drawMode":0,"name":"Shaded","section":"Shading Mode"},"sceneLighting":false,"audioPlay":false,"sceneViewState":{"showFog":true,"showMaterialUpdate":false,"showSkybox":true,"showFlares":true,"showImageEffects":true,"showParticleSystems":true},"in2DMode":false,"pivot":{"x":-40.40812683105469,"y":6.959465026855469,"z":13.89659595489502},"rotation":{"x":0.15627510845661164,"y":0.5284121632575989,"z":-0.09948933124542237,"w":0.8286733031272888},"size":9.781482696533204,"orthographic":false}