{"cameraMode":{"drawMode":0,"name":"Shaded","section":"Shading Mode"},"sceneLighting":false,"audioPlay":false,"sceneViewState":{"showFog":true,"showMaterialUpdate":false,"showSkybox":true,"showFlares":true,"showImageEffects":true,"showParticleSystems":true},"in2DMode":false,"pivot":{"x":410.4227294921875,"y":-15.290966033935547,"z":183.57115173339845},"rotation":{"x":-0.16599105298519135,"y":-0.8149423599243164,"z":0.2832418978214264,"w":-0.47758984565734866},"size":60.992591857910159,"orthographic":false}