{"cameraMode":{"drawMode":0,"name":"Shaded","section":"Shading Mode"},"sceneLighting":false,"audioPlay":false,"sceneViewState":{"showFog":true,"showMaterialUpdate":false,"showSkybox":true,"showFlares":true,"showImageEffects":true,"showParticleSystems":true},"in2DMode":false,"pivot":{"x":183.5838165283203,"y":48.645179748535159,"z":310.0687561035156},"rotation":{"x":0.13617470860481263,"y":0.8136444687843323,"z":-0.21099723875522614,"w":0.5245553851127625},"size":6.753586769104004,"orthographic":false}