{"cameraMode":{"drawMode":0,"name":"Shaded","section":"Shading Mode"},"sceneLighting":false,"audioPlay":false,"sceneViewState":{"showFog":true,"showMaterialUpdate":false,"showSkybox":true,"showFlares":true,"showImageEffects":true,"showParticleSystems":true},"in2DMode":false,"pivot":{"x":27.859228134155275,"y":7.373595714569092,"z":38.91118621826172},"rotation":{"x":-0.051857274025678638,"y":-0.5421546697616577,"z":0.03356487303972244,"w":-0.8380454778671265},"size":65.1880111694336,"orthographic":false}