{"cameraMode":{"drawMode":0,"name":"Shaded","section":"Shading Mode"},"sceneLighting":false,"audioPlay":false,"sceneViewState":{"showFog":true,"showMaterialUpdate":false,"showSkybox":false,"showFlares":true,"showImageEffects":true,"showParticleSystems":true},"in2DMode":false,"pivot":{"x":9.500347137451172,"y":-0.9757260084152222,"z":-4.416472911834717},"rotation":{"x":-0.051948681473731998,"y":-0.8264772891998291,"z":0.07735219597816467,"w":-0.5552710890769959},"size":15.567582130432129,"orthographic":false}