{"cameraMode":{"drawMode":0,"name":"Shaded","section":"Shading Mode"},"sceneLighting":false,"audioPlay":false,"sceneViewState":{"showFog":true,"showMaterialUpdate":false,"showSkybox":false,"showFlares":true,"showImageEffects":true,"showParticleSystems":true},"in2DMode":false,"pivot":{"x":25.87973403930664,"y":1.9631510972976685,"z":-12.845563888549805},"rotation":{"x":-0.18227370083332063,"y":0.39981675148010256,"z":-0.08146316558122635,"w":-0.8945885896682739},"size":95.5647201538086,"orthographic":false}