{"cameraMode":{"drawMode":0,"name":"Shaded","section":"Shading Mode"},"sceneLighting":false,"audioPlay":false,"sceneViewState":{"showFog":true,"showMaterialUpdate":false,"showSkybox":true,"showFlares":true,"showImageEffects":true,"showParticleSystems":true},"in2DMode":false,"pivot":{"x":-26.420392990112306,"y":10.517647743225098,"z":46.064788818359378},"rotation":{"x":0.09108496457338333,"y":-0.11265385895967484,"z":0.010528492741286755,"w":0.9895040392875671},"size":40.53565216064453,"orthographic":false}