{"cameraMode":{"drawMode":0,"name":"Shaded","section":"Shading Mode"},"sceneLighting":false,"audioPlay":false,"sceneViewState":{"showFog":true,"showMaterialUpdate":false,"showSkybox":false,"showFlares":true,"showImageEffects":true,"showParticleSystems":true},"in2DMode":false,"pivot":{"x":-0.16449642181396485,"y":1.0050922632217408,"z":0.9789857864379883},"rotation":{"x":0.06820417940616608,"y":-0.7223806977272034,"z":0.07196509838104248,"w":0.6844106316566467},"size":3.2483465671539308,"orthographic":false}