{"cameraMode":{"drawMode":0,"name":"Shaded","section":"Shading Mode"},"sceneLighting":false,"audioPlay":false,"sceneViewState":{"showFog":true,"showMaterialUpdate":false,"showSkybox":true,"showFlares":true,"showImageEffects":true,"showParticleSystems":true},"in2DMode":false,"pivot":{"x":-17.39693260192871,"y":18.96356201171875,"z":14.882323265075684},"rotation":{"x":0.17947255074977876,"y":0.536257803440094,"z":-0.11775235086679459,"w":0.8164500594139099},"size":8.328423500061036,"orthographic":false}