{"cameraMode":{"drawMode":0,"name":"Shaded","section":"Shading Mode"},"sceneLighting":false,"audioPlay":false,"sceneViewState":{"showFog":true,"showMaterialUpdate":false,"showSkybox":true,"showFlares":true,"showImageEffects":true,"showParticleSystems":true},"in2DMode":false,"pivot":{"x":-52.68932342529297,"y":11.557705879211426,"z":201.5976104736328},"rotation":{"x":0.042500607669353488,"y":-0.47420963644981387,"z":0.02293039858341217,"w":0.8791013360023499},"size":22.934125900268556,"orthographic":false}