{"cameraMode":{"drawMode":0,"name":"Shaded","section":"Shading Mode"},"sceneLighting":false,"audioPlay":false,"sceneViewState":{"showFog":true,"showMaterialUpdate":false,"showSkybox":false,"showFlares":false,"showImageEffects":false,"showParticleSystems":false},"in2DMode":false,"pivot":{"x":273.5441589355469,"y":0.7507691383361816,"z":255.27932739257813},"rotation":{"x":0.15499019622802735,"y":0.35410258173942568,"z":-0.05956681817770004,"w":0.9203937649726868},"size":6.909745693206787,"orthographic":false}