{"cameraMode":{"drawMode":0,"name":"Shaded","section":"Shading Mode"},"sceneLighting":false,"audioPlay":false,"sceneViewState":{"showFog":true,"showMaterialUpdate":false,"showSkybox":false,"showFlares":false,"showImageEffects":false,"showParticleSystems":false},"in2DMode":false,"pivot":{"x":284.1961669921875,"y":0.7198027968406677,"z":256.1402282714844},"rotation":{"x":0.15499019622802735,"y":0.35410258173942568,"z":-0.05956681817770004,"w":0.9203937649726868},"size":7.364861011505127,"orthographic":false}