{"cameraMode":{"drawMode":0,"name":"Shaded","section":"Shading Mode"},"sceneLighting":true,"audioPlay":false,"sceneViewState":{"showFog":true,"showMaterialUpdate":false,"showSkybox":false,"showFlares":false,"showImageEffects":false,"showParticleSystems":false},"in2DMode":false,"pivot":{"x":272.1815185546875,"y":3.2919247150421144,"z":252.8043212890625},"rotation":{"x":0.15499019622802735,"y":0.35410258173942568,"z":-0.05956681817770004,"w":0.9203937649726868},"size":5.987362384796143,"orthographic":false}