{"cameraMode":{"drawMode":0,"name":"Shaded","section":"Shading Mode"},"sceneLighting":false,"audioPlay":false,"sceneViewState":{"showFog":true,"showMaterialUpdate":false,"showSkybox":false,"showFlares":false,"showImageEffects":false,"showParticleSystems":false},"in2DMode":false,"pivot":{"x":271.5832824707031,"y":1.145050048828125,"z":251.50633239746095},"rotation":{"x":0.07209016382694245,"y":0.922325074672699,"z":-0.2099204808473587,"w":0.31645074486732485},"size":9.11365032196045,"orthographic":false}