{"cameraMode":{"drawMode":0,"name":"Shaded","section":"Shading Mode"},"sceneLighting":false,"audioPlay":false,"sceneViewState":{"showFog":true,"showMaterialUpdate":false,"showSkybox":false,"showFlares":false,"showImageEffects":false,"showParticleSystems":false},"in2DMode":false,"pivot":{"x":0.5278728008270264,"y":2.463749647140503,"z":2.4348649978637697},"rotation":{"x":0.47107571363449099,"y":0.030219145119190217,"z":-0.01613275520503521,"w":0.8814586400985718},"size":13.044605255126954,"orthographic":false}