{"cameraMode":{"drawMode":0,"name":"Shaded","section":"Shading Mode"},"sceneLighting":false,"audioPlay":false,"sceneViewState":{"showFog":true,"showMaterialUpdate":false,"showSkybox":false,"showFlares":false,"showImageEffects":false,"showParticleSystems":false},"in2DMode":false,"pivot":{"x":0.03514721989631653,"y":1.3520413637161255,"z":-0.010097991675138474},"rotation":{"x":-0.1883719265460968,"y":-0.6488639116287231,"z":0.17038890719413758,"w":-0.7172906994819641},"size":4.159857273101807,"orthographic":false}