{"cameraMode":{"drawMode":0,"name":"Shaded","section":"Shading Mode"},"sceneLighting":true,"audioPlay":false,"sceneViewState":{"showFog":true,"showMaterialUpdate":false,"showSkybox":true,"showFlares":false,"showImageEffects":false,"showParticleSystems":false},"in2DMode":false,"pivot":{"x":202.81201171875,"y":-32.06755065917969,"z":331.2055969238281},"rotation":{"x":-0.3731403946876526,"y":-0.6013015508651733,"z":0.37428393959999087,"w":-0.5993558168411255},"size":137.80267333984376,"orthographic":false}