{"cameraMode":{"drawMode":0,"name":"Shaded","section":"Shading Mode"},"sceneLighting":true,"audioPlay":false,"sceneViewState":{"showFog":true,"showMaterialUpdate":false,"showSkybox":true,"showFlares":false,"showImageEffects":false,"showParticleSystems":false},"in2DMode":false,"pivot":{"x":313.0670166015625,"y":6.173583984375,"z":249.80775451660157},"rotation":{"x":0.16102191805839539,"y":0.8389692902565002,"z":-0.36145102977752688,"w":0.3736776113510132},"size":210.6073455810547,"orthographic":false}