{"cameraMode":{"drawMode":0,"name":"Shaded","section":"Shading Mode"},"sceneLighting":false,"audioPlay":false,"sceneViewState":{"showFog":true,"showMaterialUpdate":false,"showSkybox":false,"showFlares":false,"showImageEffects":false,"showParticleSystems":false},"in2DMode":false,"pivot":{"x":275.88018798828127,"y":0.5985341668128967,"z":250.97576904296876},"rotation":{"x":0.08703184872865677,"y":0.6745122671127319,"z":-0.08047191798686981,"w":0.7287432551383972},"size":38.988319396972659,"orthographic":false}