{"cameraMode":{"drawMode":0,"name":"Shaded","section":"Shading Mode"},"sceneLighting":false,"audioPlay":false,"sceneViewState":{"showFog":true,"showMaterialUpdate":false,"showSkybox":false,"showFlares":false,"showImageEffects":false,"showParticleSystems":false},"in2DMode":false,"pivot":{"x":0.20308160781860352,"y":3.535959243774414,"z":0.9697246551513672},"rotation":{"x":0.35894662141799929,"y":0.6019493341445923,"z":-0.346492201089859,"w":0.6235576868057251},"size":25.374406814575197,"orthographic":false}