{"cameraMode":{"drawMode":0,"name":"Shaded","section":"Shading Mode"},"sceneLighting":true,"audioPlay":false,"sceneViewState":{"showFog":true,"showMaterialUpdate":false,"showSkybox":false,"showFlares":false,"showImageEffects":false,"showParticleSystems":false},"in2DMode":false,"pivot":{"x":262.18792724609377,"y":1.6459619998931885,"z":210.62103271484376},"rotation":{"x":0.4860527813434601,"y":0.0589941069483757,"z":-0.03287695720791817,"w":0.871378481388092},"size":47.327125549316409,"orthographic":false}